Studio,Status,Exclusivity,Game Identifier,Game Name,EN,CN,TH,VN,ID,KR,MY,PTBR,ESLA,RU,TR,BN,HI,RTP,Volatility,Highest Payout,Bonus,Hit Rate,Reels,Display,Game Type,Win Tiers,Line/Ways,Buy Feature,Free Spin,Respin,Retrigger,Lucky Draw,Bonus,Hold & Spin,Multiplier Symbol,Increasing Multiplier,Featured Wild,Progressive Jackpot,Fixed Jackpot,Double Chance feature,Gamification,Design Theme & Features,Market Filter,Additional Market Filter,Country Filter,Game Description,GAME DEMO,Brochure EN,Brochure CN,Game Banners,PSD File,Game Design Document,"Localisation
(Translation Progress)",UKGC Certification,GLI 19 Certification,PAGCOR Certification,"
Global Labs
Certification (Peru)"
KB,Launched,"All, UFA",ppc-mahjong-dragon-ways,Mahjong Dragon Ways,TRUE,FALSE,TRUE,TRUE,FALSE,FALSE,FALSE,FALSE,FALSE,TRUE,TRUE,TRUE,FALSE,96.95%,MEDIUM,5000X,-,28.97%,5x4,Portrait,Video Slots,"Big win (20-35)
Mega (35-50)
Super mega >50",2000 Win Ways,,✓,,✓,,,,,✓,✓,,,,,"Gold, Red, Mahjong Tiles, Yuanbao, Chinese Copper, Cascading Wins, Free Spins, Dragon, Mega Win",East Asia,South East Asia,"China
Malaysia","Mahjong Dragon Ways is a 4x5 reel slot inspired by classic Mahjong with dragon theme. With up to 2,000 ways to win, each win increases your multiplier, reaching up to 10x during Free Spins! Land 3 or more Scatters to unlock Free Spins and chase a max payout of 5,000x your bet! Follow the golden dragon and discover your path to big rewards!
龙腾牌局风云起，胡牌聚运赢翻天！在《麻将龙道》4x5卷轴的东方幻境中，每次获胜都能让您的倍率从1倍开始节节攀升，直至10倍封顶，盈利如巨龙腾空势不可挡！集齐3枚神秘""胡""字徽，即可召唤神龙赐福的免费旋转，在龙纹翻飞间累积倍率直冲巅峰，更有机会斩获5000倍终极暴富大奖！黄金巨龙已蓄势待发，现在就加入战局，让神龙助您牌开得胜，赢取属于您的传奇财富！",https://mahjong-dragon-ways-demo.gs6.kingmidasdev.net/?test=1,https://publiccdn.kingdomhall729.com/Product+Sheet/mahjong-dragon-ways_product-brochure_en.pdf,N.A,https://publiccdn.kingdomhall729.com/Zip_masterGames/KingMidas/mahjong-dragon-ways_assets.zip,https://publiccdn.kingdomhall729.com/MarketingAssetsPSD/KingMidas/mahjong-dragon-ways_psd.zip,N.A,Koban Content Master,PENDING,PENDING,PENDING,PENDING
KB,Launched,"All, UFA",cleo-cleopatra,Cleopatra’s Fortune Ways,TRUE,FALSE,TRUE,TRUE,FALSE,FALSE,FALSE,FALSE,FALSE,TRUE,TRUE,TRUE,FALSE,96.95%,MEDIUM,5000X,-,28.97%,5x4,Portrait,Video Slots,"Big win (20-35)
Mega (35-50)
Super mega >50",2000 Win Ways,,✓,,✓,,,,,✓,✓,,,,,Gold/ Purple/ Bronze/ Sandstone Walls/ Eye of Horus/ Coins/ Egyptian Queen/ Treasure Chest/ Ankh/ Scarab/ Sphinx/ Free Spins/ Cascading Wins,North America,Europe,"United Kingdom
United States of America
Egypt","Indulge in the mystique of Cleopatra’s Fortune Ways. This 4x5 reel slots offers up to 2,000 win ways with cascading symbols for non-stop chances to win. Gold-plated symbols light up the reels and transform into Wilds for even bigger rewards. Land 3 or more Scatters to unlock 10 Free Spins or more. During Free Spins, each win boosts your multiplier up to x10! Riches, royalty, and endless excitement await in Cleopatra’s Fortune Ways.
穿越时空的黄金邀约！在《克利奥帕特拉的财富之路》的4x5古老卷轴中藏有2000条获胜路径，每次消除都将带来新的财富契机。当三枚埃及艳后头像同时出现，神秘的力量将为您开启10次神圣旋转——每一次胜利都让倍率如金字塔般层层叠加，直冲10倍巅峰！在这片黄金与神秘交织的国度，最高5000倍的终极财富正等待着真正的冒险者。此刻启程，让艳后的祝福指引您走向无限荣光！",https://cleopatras-fortune-ways-demo.gs6.kingmidasdev.net/?test=1,https://publiccdn.kingdomhall729.com/Product+Sheet/cleopatras-fortune-ways_product-brochure_en.pdf,N.A,https://publiccdn.kingdomhall729.com/Zip_masterGames/KingMidas/cleopatras-fortune-ways_assets.zip,https://publiccdn.kingdomhall729.com/MarketingAssetsPSD/KingMidas/cleopatras-fortune-ways_psd.zip,N.A,Koban Content Master,PENDING,PENDING,PENDING,PENDING
KB,Launched,"All, UFA",bg-bunny-girl,Bunny VIP Night,TRUE,FALSE,TRUE,TRUE,FALSE,FALSE,FALSE,FALSE,FALSE,TRUE,TRUE,TRUE,FALSE,96.95%,MEDIUM,15000X,-,27.94%,6x5,Portrait,Video Slots,"Big win (20-35)
Mega (35-50)
Super mega >50",Scatter Pays,✓,✓,,✓,,,,✓,,,,,,,Red/ Purple/ Bunny Girl/ VIP Lounge/ Diamonds/ Gold Coins/ Free Spins/ Cascading Wins,North America,Europe,"United Kingdom
United States of America
","Enter the club of Bunny VIP Night, a glamorous 5x6 reel slots where symbols pay anywhere on the screen! Land 4 or more Scatters to unlock 15 Free Spins with a stacking multiplier that grows with each win. Look out for random multiplier symbols up to 1,000x, and chase the grand prize of up to 15,000x!  Spin fast, win big, and enjoy a night of VIP rewards!
欢迎来到《兔子 VIP 夜晚》！在这闪耀着霓虹灯光的5x6豪华转盘上，只要任意位置出现8个相同符号即可赢得奖励！收集4个黄金盾牌或更多，立即解锁15次免费旋转——每次获胜都能叠加倍率，让奖金不断飙升！更有机遇触发最高1000倍的随机倍率符号，向终极15000倍大奖发起冲击！在霓虹闪耀的舞池中央，每一次旋转都可能带来意想不到的奢华回报，快加入这场星光熠熠的赢奖派对，让幸运与狂欢彻夜不停！",https://bunny-vip-night-demo.gs6.kingmidasdev.net/?test=1,https://publiccdn.kingdomhall729.com/Product+Sheet/bunny-vip-night_product-brochure_en.pdf,N.A,https://publiccdn.kingdomhall729.com/Zip_masterGames/KingMidas/bunny-vip-night_assets.zip,https://publiccdn.kingdomhall729.com/MarketingAssetsPSD/KingMidas/bunny-vip-night_psd.zip,N.A,Koban Content Master,PENDING,PENDING,PENDING,PENDING
KB,Launched,"All, UFA",zeus,Treasures of Olympus 1000,TRUE,FALSE,TRUE,TRUE,FALSE,FALSE,FALSE,FALSE,FALSE,TRUE,TRUE,TRUE,FALSE,96.95%,MEDIUM,15000X,-,27.94%,6x5,Portrait,Video Slots,"Big win (20-35)
Mega (35-50)
Super mega >50",Scatter Pays,✓,✓,,✓,,,,✓,,,,,,,"BUY FEATURE, CASCADING WINS, FREE SPIN, GREEK MYTHOLOGY, MULTIPLIER SYMBOL, RETRIGGER, SCATTER PAYS, ZEUS",Europe,,"United Kingdom
United States of America
Greece","Enter the realm of gods in Treasures of Olympus 1000, a 6x5 slots filled with divine rewards! Match 8 or more symbols anywhere on the screen and watch them tumble away for nonstop wins. Multiplier symbols worth up to 1,000x can appear at any time for massive payouts! Land 4 or more Scatters to unlock 15 Free Spins, where multipliers grow with every win. Spin for glory and win up to an epic 15,000x!
《奥林匹斯的宝藏1000》邀您开启神话般的财富之旅！6x5的恢弘转盘中，8个相同符号任意相连即触发震撼消除效果，胜利接踵而至！神秘倍率符号随时空降，最高赐予1000倍财富恩赐！当4道宙斯雷电划破天际，15轮神圣旋转即刻开启——每次取胜都将获得众神馈赠的倍率加持！在这片神恩眷顾之地，勇者最高可斩获15000倍惊天大奖！立即启程，让奥林匹斯众神为您的幸运加冕！",https://treasures-of-olympus-1000-demo.gs6.kingmidasdev.net/?gcode=zeus&test=1,https://publiccdn.kingdomhall729.com/Product+Sheet/treasures-of-olympus-1000_product-brochure_en.pdf,N.A,https://publiccdn.kingdomhall729.com/Zip_masterGames/KingMidas/treasures-of-olympus-1000_assets.zip,https://publiccdn.kingdomhall729.com/MarketingAssetsPSD/KingMidas/treasures-of-olympus-1000_psd.zip,N.A,Koban Content Master,PENDING,PENDING,PENDING,PENDING
KB,Launched,"All, UFA",azt,Aztec Fortune,TRUE,FALSE,TRUE,TRUE,FALSE,FALSE,FALSE,FALSE,FALSE,TRUE,TRUE,TRUE,FALSE,96.95%,MEDIUM,5000X,-,28.97%,5x4,Portrait,Video Slots,"Big win (20-35)
Mega (35-50)
Super mega >50",2000 Win Ways,,✓,,✓,,,,,✓,✓,,,,,,Latin America,Europe,"United Kingdom
United States of America
Mexico","Uncover the ancient riches in Aztec Fortune, an exciting 5x4 slots with expanding rows and non-stop wins! Golden symbols appear on the middle reels, turning into Wilds as multipliers rise to a mighty 10x! Land 3 or more Scatters to unlock 10 or more Free Spins. With every cascade, fortune grows. Chase the power of the gods and win up to 2000x!
《阿兹特克财富》带您深入神秘地图，探寻失落的黄金城！在这片5x4图腾转盘中，胜利将唤醒沉睡的机关落下新的图案，创造更多制胜机会！胜利之神随时可能苏醒，化身所向披靡的百搭图腾，并带来最高10倍的财富增幅！当三枚神圣的符号同时显现，您将获得至少10次神秘旋转，每次消除都让奖励层层叠加！在这趟冒险之旅的终点，等待您的是至高无上的2000倍黄金大奖！准备好揭开古文明的最大秘密了吗？",https://aztec-fortune-demo.gs6.kingmidasdev.net/?test=1,https://publiccdn.kingdomhall729.com/Product+Sheet/aztec-fortune_product-brochure_en.pdf,N.A,https://publiccdn.kingdomhall729.com/Zip_masterGames/KingMidas/aztec-fortune_assets.zip,https://publiccdn.kingdomhall729.com/MarketingAssetsPSD/KingMidas/aztec-fortune_psd.zip,N.A,Koban Content Master,PENDING,PENDING,PENDING,PENDING
KB,Post-Production,"All, UFA",fot-lucky-tiger,Lucky Tiger,TRUE,FALSE,TRUE,TRUE,FALSE,FALSE,FALSE,FALSE,FALSE,TRUE,TRUE,TRUE,FALSE,97.01%,MEDIUM,2500X,-,22.19%,3x3,Portrait,Video Slots,"Big win (20-35)
Mega (35-50)
Super mega >50",5 Paylines,,,✓,,,,,,,✓,,,,,,,,,,https://lucky-tiger-demo.gs6.kingmidasdev.net/?test=1,,N.A,,,,,PENDING,PENDING,PENDING,PENDING
KB,Post-Production,"All, UFA",sugar-candy-bonanza,Sugar Candy Bonanza,TRUE,FALSE,TRUE,TRUE,FALSE,FALSE,FALSE,FALSE,FALSE,TRUE,TRUE,TRUE,FALSE,96.92%,HIGH,15000X,-,27.93%,6x5,Portrait,Video Slots,"Big win (20-35)
Mega (35-50)
Super mega >50",Scatter Pays,✓,✓,,✓,,,,✓,,,,,,,,,,,,https://sugar-candy-bonanza-demo.gs6.kingmidasdev.net/?test=1,,N.A,,,,,PENDING,PENDING,PENDING,PENDING
KB,Post-Production,,arp-aphrodites-blessing,Aphrodite's Blessing,TRUE,FALSE,TRUE,TRUE,FALSE,FALSE,FALSE,FALSE,FALSE,TRUE,TRUE,TRUE,FALSE,96.92%,HIGH,15000X,-,27.93%,6x5,Portrait,Video Slots,"Big win (20-35)
Mega (35-50)
Super mega >50",Scatter Pays,✓,✓,,✓,,,,✓,,,,,,,,,,,,https://aphrodites-blessing-demo.gs6.kingmidasdev.net/?test=1,,N.A,,,,,PENDING,PENDING,PENDING,PENDING
KB,Pre-Production,,tom-tomyum-bonanza,Tomyum Bonanza,TRUE,FALSE,TRUE,TRUE,FALSE,FALSE,FALSE,FALSE,FALSE,TRUE,TRUE,TRUE,FALSE,97.01%,MEDIUM,2500X,-,22.19%,3x3,Portrait,Video Slots,"Big win (20-35)
Mega (35-50)
Super mega >50",5 Paylines,,,✓,,,,,,,✓,,,,,,,,,,https://tomyum-bonanza-demo.gs6.kingmidasdev.net/?test=1,,N.A,,,,,PENDING,PENDING,PENDING,PENDING
KB,Pre-Production,,mega-fortune-ox,Mega Fortune Ox,TRUE,FALSE,TRUE,TRUE,FALSE,FALSE,FALSE,FALSE,FALSE,TRUE,TRUE,TRUE,FALSE,96.98%,MEDIUM,2000X,-,20.69%,3x4x3,Portrait,Video Slots,,10 Paylines,,,✓,,,,,,,,,,,,,,,,,https://mega-fortune-ox-demo.gs6.kingmidasdev.net/?test=1,,N.A,,,,,PENDING,PENDING,PENDING,PENDING
KB,Pre-Production,,sushi-rush,Sushi Rush,TRUE,FALSE,TRUE,TRUE,FALSE,FALSE,FALSE,FALSE,FALSE,TRUE,TRUE,TRUE,FALSE,97.01%,MEDIUM,2500X,-,22.19%,3x3,Portrait,Video Slots,,5 Paylines,,,✓,,,,,,,✓,,,,,,,,,,https://sushi-rush-demo.gs6.kingmidasdev.net/?test=1,,N.A,,,,,PENDING,PENDING,PENDING,PENDING
KB,Pre-Production,,wild-witch-sugar-bonanza,Wild Witch Sugar Bonanza,TRUE,FALSE,TRUE,TRUE,FALSE,FALSE,FALSE,FALSE,FALSE,TRUE,TRUE,TRUE,FALSE,97.01%,MEDIUM,2500X,-,22.19%,3x3,Portrait,Video Slots,,5 Paylines,,,✓,,,,,,,✓,,,,,,,,,,https://wild-witch-sugar-bonanza-demo.gs6.kingmidasdev.net/?test=1,,N.A,,,,,,,,
KB,Pre-Production,,heavenly-feast-with-wukong,Heavenly Feast With Wukong,TRUE,FALSE,TRUE,TRUE,FALSE,FALSE,FALSE,FALSE,FALSE,TRUE,TRUE,TRUE,FALSE,97.01%,MEDIUM,2500X,-,22.19%,3x3,Portrait,Video Slots,,5 Paylines,,,✓,,,,,,,✓,,,,,,,,,,https://heavenly-feast-with-wukong-demo.gs6.kingmidasdev.net/?test=1,,N.A,,,,,,,,
KB,Pre-Production,,greatest-christmas-1000,Greatest Christmas 1000,TRUE,FALSE,TRUE,TRUE,FALSE,FALSE,FALSE,FALSE,FALSE,TRUE,TRUE,TRUE,FALSE,96.95%,MEDIUM,15000X,-,27.94%,6x5,Portrait,Video Slots,"Big win (20-35)
Mega (35-50)
Super mega >50",Scatter Pays,✓,✓,,✓,,,,✓,,,,,,,,,,,,https://greatest-christmas-1000-demo.gs6.kingmidasdev.net/?test=1,,N.A,,,,,,,,
KB,Pre-Production,,farm-frenzy-1000,Farm Frenzy 1000,TRUE,FALSE,TRUE,TRUE,FALSE,FALSE,FALSE,FALSE,FALSE,TRUE,TRUE,TRUE,FALSE,96.95%,MEDIUM,15000X,-,27.94%,6x5,Portrait,Video Slots,"Big win (20-35)
Mega (35-50)
Super mega >50",Scatter Pays,,,,,,,,,,,,,,,,,,,,,,N.A,,,,,,,,
KB,Pre-Production,,dragon-fortune,Dragon Fortune,TRUE,FALSE,TRUE,TRUE,FALSE,FALSE,FALSE,FALSE,FALSE,TRUE,TRUE,TRUE,FALSE,,,,,,,,,,,,,,,,,,,,,,,,,,,,,,,,N.A,,,,,,,,
KB,Pre-Production,,maya-temple-of-fortune,Maya: Temple of Fortune,TRUE,FALSE,TRUE,TRUE,FALSE,FALSE,FALSE,FALSE,FALSE,TRUE,TRUE,TRUE,FALSE,,,,,,,,,,,,,,,,,,,,,,,,,,,,,,,,N.A,,,,,,,,
KB,Pre-Production,,caishen-double-fortune,Caishen Double Fortune,FALSE,FALSE,FALSE,FALSE,FALSE,FALSE,FALSE,FALSE,FALSE,FALSE,FALSE,FALSE,FALSE,,,,,,,,,,,,,,,,,,,,,,,,,,,,,,,,N.A,,,,,,,,
KB,Pre-Production,,dracula,Dracula,FALSE,FALSE,FALSE,FALSE,FALSE,FALSE,FALSE,FALSE,FALSE,FALSE,FALSE,FALSE,FALSE,,,,,,,,,,,,,,,,,,,,,,,,,,,,,,,,N.A,,,,,,,,
KB,Pre-Production,,bonsai,Bonsai,FALSE,FALSE,FALSE,FALSE,FALSE,FALSE,FALSE,FALSE,FALSE,FALSE,FALSE,FALSE,FALSE,,,,,,,,,,,,,,,,,,,,,,,,,,,,,,,,N.A,,,,,,,,
KM,Launched,,sugar-blast,SUGAR BLAST,TRUE,TRUE,TRUE,TRUE,TRUE,TRUE,FALSE,FALSE,FALSE,TRUE,FALSE,FALSE,FALSE,96.98%,HIGH,3000X,-,31.25%,6x6,Portrait,Video Slots,"Normal (>x3)
Big Win (>=x8)
Mega Win (>=x25)
Ultra Win (>=x40)
Super Ultra Win (>=x100)",Cluster Pays,✓,✓,,,,,,,,,,,,Free Plays,"Vibrant, Candies, Bombs, Sweets, Pink, Blue, Candy symbols, Casual",North America,Latin America,"United States of America
Brazil",Sugar Blast is a slot reel-style game with a delightful twist. Create winning combos by eliminating candy symbols. Fire up to three cannon bombs onto a 3x3 grid. Match 5 or more identical candies to activate special bombs and smash candies into colorful bits. ,https://demo8.kingmidasdev.net/games/sugar-blast?currency=EUR&test=1,https://publiccdn.kingdomhall729.com/Product+Sheet/sugar-blast_product-brochure_en.pdf,https://publiccdn.kingdomhall729.com/Product+Sheet/sugar-blast_product-brochure_cn.pdf,https://publiccdn.kingdomhall729.com/Zip_masterGames/KingMidas/sugar-blast_assets.zip,https://publiccdn.kingdomhall729.com/MarketingAssetsPSD/KingMidas/sugar-blast_psd.zip,Sugar Blast,Table Games Translations Masterlist,PENDING,PENDING,CERTIFIED,PENDING
KM,Launched,"All, UFA",sugar-blast-2,SUGAR BLAST FRENZY,TRUE,TRUE,TRUE,TRUE,TRUE,FALSE,FALSE,TRUE,TRUE,TRUE,FALSE,FALSE,FALSE,96.98%,HIGH,3000X,-,28.17%,6x6,Portrait,Video Slots,"Normal (>x3)
Big Win (>=x8)
Mega Win (>=x25)
Ultra Win (>=x40)
Super Ultra Win (>=x100)",Cluster Pays,✓,✓,,,,,,,,,,,,Free Plays,"Vibrant, Candies, Sweets, Pink, Blue, Candy symbols, Casual, ",North America,Europe,"United States of America
United Kingdom","Get ready for a sugar rush like no other. Sugar Blast is a slot reel-style game with a delightful twist. Eliminate candy symbols to create the most tantalising winning combination. The more combos you create, the sweeter the rewards! Match 5 or more identical candies in a row and be rewarded with a special bomb activation, which you can use to smash candies into colourful bits.
",https://demo8.kingmidasdev.net/games/sugar-blast-2?currency=EUR&test=1,https://publiccdn.kingdomhall729.com/Product+Sheet/sugar-blast-frenzy_product-brochure_en.pdf,https://publiccdn.kingdomhall729.com/Product+Sheet/sugar-blast-frenzy_product-brochure_cn.pdf,https://publiccdn.kingdomhall729.com/Zip_masterGames/KingMidas/sugar-blast-frenzy_assets.zip,https://publiccdn.kingdomhall729.com/MarketingAssetsPSD/KingMidas/sugar-blast-frenzy_psd.zip,Sugar Blast 2,Table Games Translations Masterlist,PENDING,IN PROGRESS,PENDING,IN PROGRESS
KM,Launched,,viking-blast,GEMS OF VALHALLA,TRUE,TRUE,TRUE,TRUE,TRUE,FALSE,FALSE,TRUE,TRUE,TRUE,TRUE,FALSE,FALSE,97.00%,HIGH,5000X,-,27.10%,6x6,Portrait,Video Slots,"Normal (>x3)
Big Win (>=x8)
Mega Win (>=x25)
Ultra Win (>=x40)
Super Ultra Win (>=x100)",Cluster Pays,✓,✓,,,,,,,,,,,,Free Plays,"Blue, Chest, Coins, Gems, Gold, Ships, Treasures, Valkyrie, Viking, Water, Weapons",Europe,,United Kingdom,"Step into the sacred chambers of Valhalla, where a treasure trove of gems awaits your discovery. Match 4 or more symbols to unlock exciting rewards. Look out for scatter symbols to trigger bonus spins that reveal random gem types. Want to boost your earnings? Buy the free spin feature and increase your chances of winning big. ",https://demo8.kingmidasdev.net/games/viking-blast?currency=EUR&test=1,https://publiccdn.kingdomhall729.com/Product+Sheet/gems-of-valhalla_product-brochure_en.pdf,https://publiccdn.kingdomhall729.com/Product+Sheet/gems-of-valhalla_product-brochure_cn.pdf,https://publiccdn.kingdomhall729.com/Zip_masterGames/KingMidas/gems-of-valhalla_assets.zip,https://publiccdn.kingdomhall729.com/MarketingAssetsPSD/KingMidas/gems-of-valhalla_psd.zip,Gems of Valhalla Slots (viking-blast),Table Games Translations Masterlist,PENDING,IN PROGRESS,CERTIFIED,IN PROGRESS
KM,Launched,"All, UFA",cleopatras-treasure,CLEOPATRA'S TREASURE,TRUE,TRUE,TRUE,TRUE,TRUE,FALSE,FALSE,TRUE,TRUE,TRUE,TRUE,FALSE,FALSE,97.00%,HIGH,5000X,200,34.01%,5x4,Portrait,Video Slots,"Normal (>x3)
Big Win (>=x8)
Mega Win (>=x25)
Ultra Win (>=x40)
Super Ultra Win (>=x100)",Cluster Pays,✓,✓,,✓,,✓,,,,,,,,Free Plays,"Gold, purple, brown backgrounds, wheel of fortune, coins, ankh, scarab, ring, scepter, Egyptian queen, Anubis, hieroglyphs, orb, ancient Egypt, treasure hunt.",North America,MENA,"United States of America
United Kingdom
Egypt","Unearth the riches of ancient Egypt with Cleopatra's Treasure! Navigate the 4x5 reels where mystery multipliers lie in wait, ready to amplify your winnings. Scatter symbols unlock the gate to free spins, granting you endless opportunities to claim Cleopatra's coveted treasures. Feeling bold? Buy your way into the free spins bonus and let the sands of time rain down riches upon you. Spin the reels and embrace your destiny as the next ruler of the Nile!",https://demo8.kingmidasdev.net/games/cleopatras-treasure?currency=EUR&test=1,https://publiccdn.kingdomhall729.com/Product+Sheet/cleopatras-treasure_product-brochure_en.pdf,https://publiccdn.kingdomhall729.com/Product+Sheet/cleopatras-treasure_product-brochure_cn.pdf,https://publiccdn.kingdomhall729.com/Zip_masterGames/KingMidas/cleopatras-treasure_assets.zip,https://publiccdn.kingdomhall729.com/MarketingAssetsPSD/KingMidas/cleopatras-treasure_psd.zip,Cleopatra's Treasure Slots,Table Games Translations Masterlist,PENDING,CERTIFIED,CERTIFIED,IN PROGRESS
KM,Launched,"All, UFA",rooster-blitz,ROOSTER BLITZ,TRUE,TRUE,TRUE,TRUE,TRUE,FALSE,FALSE,TRUE,TRUE,TRUE,FALSE,FALSE,FALSE,97.00%,HIGH,5000X,-,28.17%,6x6,Portrait,Video Slots,"Normal (>x3)
Big Win (>=x8)
Mega Win (>=x25)
Ultra Win (>=x40)
Super Ultra Win (>=x100)",Cluster Pays,✓,✓,,,,-,,,,,,,,Free Plays,"Brown, gold, red, feathers, eggs, roosters, wheat, rooster fight, animal

",North America,Latin America,"United States of America
Brazil
Vietnam","Rooster Blitz is a match-3 slot reel-style game where you aim to eliminate symbols and create winning combinations. The more match-3 combos you achieve, the greater your winnings!",https://demo8.kingmidasdev.net/games/rooster-blitz?currency=EUR&test=1,https://publiccdn.kingdomhall729.com/Product+Sheet/rooster-blitz_product-brochure_en.pdf,https://publiccdn.kingdomhall729.com/Product+Sheet/rooster-blitz_product-brochure_cn.pdf,https://publiccdn.kingdomhall729.com/Zip_masterGames/KingMidas/rooster-blitz_assets.zip,https://publiccdn.kingdomhall729.com/MarketingAssetsPSD/KingMidas/rooster-blitz_psd.zip,Cockfighting Blast,Table Games Translations Masterlist,PENDING,PENDING,PENDING,IN PROGRESS
KM,Launched,"All, UFA",gold-rush-bonanza,GOLD RUSH BONANZA,TRUE,TRUE,TRUE,TRUE,TRUE,FALSE,FALSE,TRUE,TRUE,TRUE,FALSE,FALSE,FALSE,97.00%,HIGH,5000X,100X,37.17%,6x5,Portrait,Video Slots,"Normal (>x3)
Big Win (>=x8)
Mega Win (>=x25)
Ultra Win (>=x40)
Super Ultra Win (>=x100)",Cluster Pays,✓,✓,,✓,,✓,,,,,,,,Free Plays,"Adventure, Coins, Cowboys, Diamond, Gold, Hat, Sheriff, Treasures, Weapons, Wild West",North America,Latin America,"United States of America
Brazil
Malaysia","Saddle up for a Wild West adventure on a 5x6 reel slot, where fortunes await with every spin!
Match 4 or more symbols to win, with cascading reels keeping the excitement high! Land consecutive combos to trigger Free Spin, where multiplier diamonds can boost your winnings by up to 100x! Retrigger Free Spins for even more chances to strike gold. Feeling lucky? Buy Free Spins and start with at least 15 spins to chase the ultimate prize. With up to 5000x your bet to be won, the Wild West is calling, are you ready for the gold rush?",https://demo8.kingmidasdev.net/games/gold-rush-bonanza?currency=EUR&test=1,https://publiccdn.kingdomhall729.com/Product+Sheet/gold-rush-bonanza_product-brochure_en.pdf,https://publiccdn.kingdomhall729.com/Product+Sheet/gold-rush-bonanza_product-brochure_cn.pdf,https://publiccdn.kingdomhall729.com/Zip_masterGames/KingMidas/gold-rush-bonanza_assets.zip,https://publiccdn.kingdomhall729.com/MarketingAssetsPSD/KingMidas/gold-rush-bonanza_psd.zip,Gold Rush Bonanza (Wild West Slots) GDD,Table Games Translations Masterlist,PENDING,PENDING,PENDING,PENDING
KM,Launched,"All, UFA",pirates-treasure,PIRATE'S TREASURE,TRUE,TRUE,TRUE,TRUE,TRUE,FALSE,FALSE,TRUE,TRUE,FALSE,FALSE,FALSE,FALSE,97.00%,HIGH,2000X,10X,45.33%,5x4,Portrait,Video Slots,"Normal (None)
Big Win (>=x3)
Mega Win (>=x8)
Ultra Win (>=x15)
Super Ultra Win (>=x25)",Cluster Pays,✓,✓,,✓,,✓,,,,,,,,Free Plays,"Adventure, Coins, Cowboys, Diamond, Revolvers, Bullet, Gold, Hat, Sheriff, Treasures, Weapons, Wild West, Desert, Western",North America,Latin America,"United States of America
Brazil
Malaysia","Ahoy, matey! Set sail on a swashbuckling adventure with Pirate’s Treasure! This 4x5 cascading slot game, featuring the daring Link Bonus, promises boundless riches. Watch symbols explode and cascade, unlocking endless opportunities for payouts. Land 4 scatter symbols to activate the Link Bonus free spin mode, where reels spin independently, resetting spins and multiplying your loot up to 10x. Hoist the anchor, spin the reels, and claim the pirate’s bounty—yarrr, the treasure awaits!",https://demo8.kingmidasdev.net/games/pirates-treasure?currency=EUR&test=1,https://publiccdn.kingdomhall729.com/Product+Sheet/pirates-treasure_product-brochure_en.pdf,https://publiccdn.kingdomhall729.com/Product+Sheet/pirates-treasure_product-brochure_cn.pdf,https://publiccdn.kingdomhall729.com/Zip_masterGames/KingMidas/pirates-treasure_assets.zip,https://publiccdn.kingdomhall729.com/MarketingAssetsPSD/KingMidas/pirates-treasure_psd.zip,Pirate's Treasure (Pirate Slots) GDD,Table Games Translations Masterlist,PENDING,PENDING,PENDING,PENDING
KM,Launched,"All, UFA",hippo-splash,HIPPO SPLASH,TRUE,TRUE,TRUE,TRUE,TRUE,FALSE,FALSE,TRUE,TRUE,FALSE,FALSE,FALSE,FALSE,97.00%,MEDIUM,2500X,10X,24.27%,3x3,Portrait,Video Slots,"Normal (>x3)
Big Win (>=x8)
Mega Win (>=x25)
Ultra Win (>=x40)
Super Ultra Win (>=x100)",5 Paylines,,,,,,✓,,,,,,,,Free Plays,"Green, gold, blue, fruit, flowers, jewelry, hippo, water bowl, fireworks, lotus, tropical plants, celebration, river",ALL,,"United States of America
Brazil
Malaysia","Jump into action with Hippo Splash! This is a 3 x 3 reel slot game with 5 paylines. Watch as the Hippo Splash Feature triggers randomly, flooding the reels with matching symbols and Wilds for exciting respins. Land winning symbols to keep the streak going with no extra symbols, and the feature ends with big payouts! ",https://demo8.kingmidasdev.net/games/hippo-splash?currency=EUR&test=1,https://publiccdn.kingdomhall729.com/Product+Sheet/hippo-splash_product-brochure_en.pdf,https://publiccdn.kingdomhall729.com/Product+Sheet/hippo-splash_product-brochure_cn.pdf,https://publiccdn.kingdomhall729.com/Zip_masterGames/KingMidas/hippo-splash_assets.zip,https://publiccdn.kingdomhall729.com/MarketingAssetsPSD/KingMidas/hippo-splash_psd.zip,Hippo splash Slots -MY,hippo-splash,PENDING,PENDING,PENDING,PENDING
KM,Launched,,hunk-cai-shen,Hunk Cai Shen,TRUE,TRUE,TRUE,TRUE,TRUE,FALSE,FALSE,TRUE,TRUE,TRUE,FALSE,FALSE,FALSE,97.00%,High,15000x,-,22.60%,5x3,Portrait,Video Slots,"Normal (>x3)
Big Win (>=x8)
Mega Win (>=x25)
Ultra Win (>=x40)
Super Ultra Win (>=x100)",5 Paylines,✓,✓,,,,,,✓,,✓,,,,,"Gold, red, brown, gold ingots, treasure chests, lucky cat, frog statue, jewelry box, scrolls, Chinese god, prosperity, Chinese New Year theme, wealth and fortune",East Asia,South East Asia,"China
Malaysia","Spin your way to prosperity in Hunk Cai Shen, a fortune-filled adventure on 3x5 reels! Unlock rewarding features with powerful Fortune Wild multipliers and free spins packed with only high payout symbols. With a chance to win up to 15,000x your bet, this is one game you won’t want to miss!

转动金轮迎财神，福运加成赚翻天！在《鸿运财神》3x5卷轴游戏中转动幸运轮盘，触发强力Fortune Wild倍率符号（3-5倍），解锁仅含高倍符号的专属免费旋转，更有机会赢得高达15,000倍注金的超级大奖，绝对不容错过的财运盛宴！",https://demo8.kingmidasdev.net/games/hunk-cai-shen?currency=EUR&test=1,https://publiccdn.kingdomhall729.com/Product+Sheet/hunk-caishen_product-brochure_en.pdf,https://publiccdn.kingdomhall729.com/Product+Sheet/hunk-caishen_product-brochure_cn.pdf,https://publiccdn.kingdomhall729.com/Zip_masterGames/KingMidas/hunk-caishen_assets.zip,https://publiccdn.kingdomhall729.com/MarketingAssetsPSD/KingMidas/hunk-caishen_psd.zip,Hunk Cai Shen Slots -MY,hunk-cai-shen,PENDING,PENDING,PENDING,PENDING
KM,Launched,,dear-senpai,Dear Senpai,TRUE,TRUE,TRUE,TRUE,TRUE,FALSE,FALSE,TRUE,TRUE,TRUE,FALSE,FALSE,FALSE,96.99%,MEDIUM,"13,200X",20X,35%,3x3,Portrait,Video Slots,"Normal (>x3)
Big Win (>=x8)
Mega Win (>=x25)
Ultra Win (>=x40)
Super Ultra Win (>=x100)",5 Paylines,✓,✓,,,,✓,,,,✓,,,,,"Japanese High School Love, Pink, Blue, Modern",South East Asia,East Asia,"Malaysia
Japan","""If I win this spin, will you notice me, Senpai?"" Come join this love-struck 3x3 reel slots where every spin is a chance at love! Land 3 Wilds and the middle reel turns Wild with a 2x multiplier. Hit 3 Scatters to trigger up to 12 Free Spins or instant rewards up to 20x! Come spin for love, blushes, and up to 13,200x payout!
甜蜜暴击3x3日式校园老虎机《亲爱的学长》！5条心动连线助你攻略学长！3个Wild同时出现时，整排中间轴将自动变为百搭，并触发2倍甜蜜暴击！收集3个Scatter触发专属约会，可得最高12次免费旋转或20倍心动奖励！在这场青春悸动中，最高13,200倍的毕业大礼正在等着你开启！",https://demo8.kingmidasdev.net/games/dear-senpai?currency=EUR&test=1,https://publiccdn.kingdomhall729.com/Product+Sheet/dear-senpai_product-brochure_en.pdf,https://publiccdn.kingdomhall729.com/Product+Sheet/dear-senpai_product-brochure_cn.pdf,https://publiccdn.kingdomhall729.com/Zip_masterGames/KingMidas/dear-senpai_assets.zip,https://publiccdn.kingdomhall729.com/MarketingAssetsPSD/KingMidas/dear-senpai_psd.zip,Dear Senpai,dear-senpai,PENDING,PENDING,PENDING,PENDING
KM,Launched,,mahjong-beauty,Mahjong Beauty,TRUE,TRUE,TRUE,TRUE,TRUE,FALSE,FALSE,TRUE,TRUE,TRUE,FALSE,FALSE,FALSE,96.99%,MEDIUM,10000X,-,32.05%,5x4,Portrait,Video Slots,"Normal (>x3)
Big Win (>=x8)
Mega Win (>=x25)
Ultra Win (>=x40)
Super Ultra Win (>=x100)",2000 Win Ways,✓,✓,,✓,,,,,✓,✓,,,,,Red/Green/Beauty/Mahjong/Chinese/Dragon/Free Spins/ Cascading,East Asia,South East Asia,"China
Malaysia","Mahjong Beauty Ways invites you to a stunning 4x5 slot journey that blends the elegance of mahjong with endless fortunes. With up to 2,000 ways to win, every spin can trigger cascading wins that lift  your multiplier all the way up to 10x in Free Spins. Land 3 or more Scatters to unlock Free Spins, where golden tiles turn into Wilds to bring even bigger prizes. With a max payout of 5,000x your bet, Mahjong Beauty Ways turns each spin into a beautiful path toward riches!

侵入《美女麻将》的华丽世界，每一次旋转都让您感受经传统麻将美学与现代财富之道的完美碰撞！转动4x5的绚丽转轴，解锁多达2,000种赢法，每次消除连锁都让您倍率飙升，免费旋转阶段直冲10倍暴击！收集3个或更多Scatter触发免费旋转，黄金麻将牌化作万能百搭，助您横扫大奖！最高可赢取单注5,000倍的终极财富！",https://demo8.kingmidasdev.net/games/mahjong-beauty?currency=EUR&test=1,https://publiccdn.kingdomhall729.com/Product+Sheet/mahjong-beauty_product-brochure_en.pdf,https://publiccdn.kingdomhall729.com/Product+Sheet/mahjong-beauty_product-brochure_cn.pdf,https://publiccdn.kingdomhall729.com/Zip_masterGames/KingMidas/mahjong-beauty_assets.zip,https://publiccdn.kingdomhall729.com/MarketingAssetsPSD/KingMidas/mahjong-beauty_psd.zip,Mahjong Beauty Slots,mahjong-beauty-way,PENDING,PENDING,PENDING,PENDING
KM,Pre-Production,,flame-of-fortune,Flame of Fortune,TRUE,TRUE,TRUE,TRUE,TRUE,FALSE,FALSE,TRUE,TRUE,TRUE,TRUE,FALSE,FALSE,96.99%,MEDIUM,15000X,,30.00%,5x4,Portrait,Video Slots,"Normal (>x3)
Big Win (>=x8)
Mega Win (>=x25)
Ultra Win (>=x40)
Super Ultra Win (>=x100)",1024 Win Ways,✓,✓,,✓,,,✓,,✓,✓,,,,,,,,,,,,,,,,,PENDING,PENDING,PENDING,PENDING
KM,Pre-Production,,queen-femida,,FALSE,FALSE,FALSE,FALSE,FALSE,FALSE,FALSE,FALSE,FALSE,FALSE,FALSE,FALSE,FALSE,,,,,,,Portrait,Video Slots,"Normal (>x3)
Big Win (>=x8)
Mega Win (>=x25)
Ultra Win (>=x40)
Super Ultra Win (>=x100)",,,,,,,,,,,,,,,,,,,,,,,,,,,,PENDING,PENDING,PENDING,PENDING
KM,Pre-Production,,japan-game,,FALSE,FALSE,FALSE,FALSE,FALSE,FALSE,FALSE,FALSE,FALSE,FALSE,FALSE,FALSE,FALSE,,,,,,,Portrait,Video Slots,"Normal (>x3)
Big Win (>=x8)
Mega Win (>=x25)
Ultra Win (>=x40)
Super Ultra Win (>=x100)",,,,,,,,,,,,,,,,,,,,,,,,,,,,PENDING,PENDING,PENDING,PENDING
KM,Pre-Production,,wonder-ace,Wonder Ace,TRUE,TRUE,TRUE,TRUE,TRUE,FALSE,FALSE,TRUE,TRUE,TRUE,TRUE,FALSE,FALSE,96.99%,MEDIUM,10000X,,32.00%,5x4,Portrait,Video Slots,,1024 Win Ways,✓,✓,,,,,,,✓,✓,,,,,,,,,,,,,,,,,PENDING,PENDING,PENDING,PENDING
OG,Pre-Production,,km-fortune-dragon,Fortune Dragon,TRUE,TRUE,FALSE,FALSE,FALSE,FALSE,FALSE,FALSE,FALSE,FALSE,FALSE,FALSE,FALSE,96.00%,LOW,2595X,-,26.90%,5x4,"Portrait, Landscape",Video Slots,,50 Paylines,,✓,,✓,,,,,,,,,✓,,50 paylines,,,,,https://staging-gp-og-game.og1-net.com/gamelauncher/gamesapi/tgp/kingmidas/gameUrl/km-fortune-dragon,,,,,,,PENDING,PENDING,PENDING,PENDING
OG,Pre-Production,,km-gate-to-gold,Gate To Gold,TRUE,FALSE,FALSE,FALSE,FALSE,FALSE,FALSE,FALSE,FALSE,FALSE,FALSE,FALSE,FALSE,95.90%,MEDIUM - HIGH,1726X,-,28%,5x3,"Portrait, Landscape",Video Slots,,5 Paylines,,✓,,✓,,,,✓,,✓,,,✓,,5 paylines,,,,,https://staging-gp-og-game.og1-net.com/gamelauncher/gamesapi/tgp/kingmidas/gameUrl/km-gate-to-gold,,,,,,,PENDING,PENDING,PENDING,PENDING
OG,Pre-Production,,km-big-rich-fortune,Big Rich Fortune,TRUE,FALSE,FALSE,FALSE,FALSE,FALSE,FALSE,FALSE,FALSE,FALSE,FALSE,FALSE,FALSE,96.00%,MEDIUM,1985X,-,32.20%,5x3,"Portrait, Landscape",Video Slots,,25 Paylines,,✓,,✓,,✓,,,,✓,,,✓,,25 paylines,,,,,https://staging-gp-og-game.og1-net.com/gamelauncher/gamesapi/tgp/kingmidas/gameUrl/km-big-rich-fortune,,,,,,,PENDING,PENDING,PENDING,PENDING
OG,Pre-Production,,km-dragons-legend,Dragon's Legend,TRUE,FALSE,FALSE,FALSE,FALSE,FALSE,FALSE,FALSE,FALSE,FALSE,FALSE,FALSE,FALSE,96.00%,MEDIUM,2310X,-,"32,7%",5x3,"Portrait, Landscape",Video Slots,,243 Win Ways,,✓,,✓,,✓,,✓,,✓,,,✓,,243 win ways,,,,,https://staging-gp-og-game.og1-net.com/gamelauncher/gamesapi/tgp/kingmidas/gameUrl/km-dragons-legend,,,,,,,PENDING,PENDING,PENDING,PENDING
OG,Pre-Production,,km-fafa-babies,FaFa Babies,TRUE,FALSE,FALSE,FALSE,FALSE,FALSE,FALSE,FALSE,FALSE,FALSE,FALSE,FALSE,FALSE,96.00%,MEDIUM - HIGH,1403X,-,30.60%,5x3,"Portrait, Landscape",Video Slots,,20 Paylines,,✓,,✓,,,,,,,,,✓,,20 paylines,,,,,https://staging-gp-og-game.og1-net.com/gamelauncher/gamesapi/tgp/kingmidas/gameUrl/km-fafa-babies,,,,,,,PENDING,PENDING,PENDING,PENDING
OG,Pre-Production,,km-happy-panda,Happy Panda,TRUE,FALSE,FALSE,FALSE,FALSE,FALSE,FALSE,FALSE,FALSE,FALSE,FALSE,FALSE,FALSE,96.10%,MEDIUM - HIGH,4053X,-,35.30%,5x3,"Portrait, Landscape",Video Slots,,20 Paylines,,✓,,,,,,,,✓,,,✓,,20 paylines,,,,,https://staging-gp-og-game.og1-net.com/gamelauncher/gamesapi/tgp/kingmidas/gameUrl/km-happy-panda,,,,,,,PENDING,PENDING,PENDING,PENDING
OG,Pre-Production,,km-kings-piggy-bank,King's Piggy Bank,TRUE,FALSE,FALSE,FALSE,FALSE,FALSE,FALSE,FALSE,FALSE,FALSE,FALSE,FALSE,FALSE,96.10%,MEDIUM,679X,-,22%,5x3,"Portrait, Landscape",Video Slots,,15 Paylines,,✓,,,,,,,,✓,,,✓,,15 paylines,,,,,https://staging-gp-og-game.og1-net.com/gamelauncher/gamesapi/tgp/kingmidas/gameUrl/km-kings-piggy-bank,,,,,,,PENDING,PENDING,PENDING,PENDING
OG,Pre-Production,,km-lucky-koi,Lucky Koi,TRUE,FALSE,FALSE,FALSE,FALSE,FALSE,FALSE,FALSE,FALSE,FALSE,FALSE,FALSE,FALSE,96.00%,MEDIUM - HIGH,4978X,-,26.40%,5x3,"Portrait, Landscape",Video Slots,,10 Paylines,,✓,,✓,,,,✓,,✓,,,✓,,10 paylines,,,,,https://staging-gp-og-game.og1-net.com/gamelauncher/gamesapi/tgp/kingmidas/gameUrl/km-lucky-koi,,,,,,,PENDING,PENDING,PENDING,PENDING
OG,Pre-Production,,km-rising-phoenix,Rising Phoenix,TRUE,FALSE,FALSE,FALSE,FALSE,FALSE,FALSE,FALSE,FALSE,FALSE,FALSE,FALSE,FALSE,96.10%,LOW,3171X,-,36.80%,5x3,"Portrait, Landscape",Video Slots,,15 Paylines,,✓,,✓,,,,,,,,,✓,,15 paylines,,,,,https://staging-gp-og-game.og1-net.com/gamelauncher/gamesapi/tgp/kingmidas/gameUrl/km-rising-phoenix,,,,,,,PENDING,PENDING,PENDING,PENDING
OG,Pre-Production,,km-winning-scroll,Winning Scroll,TRUE,FALSE,FALSE,FALSE,FALSE,FALSE,FALSE,FALSE,FALSE,FALSE,FALSE,FALSE,FALSE,96.00%,MEDIUM - HIGH,7460X,-,29.60%,5x3,"Portrait, Landscape",Video Slots,,10 Paylines,,✓,,✓,,,,,,,,,✓,,10 paylines,,,,,https://staging-gp-og-game.og1-net.com/gamelauncher/gamesapi/tgp/kingmidas/gameUrl/km-winning-scroll,,,,,,,PENDING,PENDING,PENDING,PENDING
OG,Pre-Production,,km-double-happiness,Double Happiness,TRUE,FALSE,FALSE,FALSE,FALSE,FALSE,FALSE,FALSE,FALSE,FALSE,FALSE,FALSE,FALSE,96.00%,MEDIUM - HIGH,4050X,-,31.20%,5x3,"Portrait, Landscape",Video Slots,,30 Paylines,,✓,,✓,,,,,,,,,✓,,30 paylines,,,,,https://staging-gp-og-game.og1-net.com/gamelauncher/gamesapi/tgp/kingmidas/gameUrl/km-double-happiness,,,,,,,PENDING,PENDING,PENDING,PENDING
OG,Pre-Production,,km-beautiful-peony,Beautiful Peony,TRUE,FALSE,FALSE,FALSE,FALSE,FALSE,FALSE,FALSE,FALSE,FALSE,FALSE,FALSE,FALSE,96.10%,LOW,1404X,-,52%,5x4,"Portrait, Landscape",Video Slots,,50 Paylines,,✓,,✓,,,,,,✓,,,✓,,50 paylines,,,,,https://staging-gp-og-game.og1-net.com/gamelauncher/gamesapi/tgp/kingmidas/gameUrl/km-beautiful-peony,,,,,,,PENDING,PENDING,PENDING,PENDING
OG,Pre-Production,,km-eighty-eight-treasures,88 Treasures,TRUE,FALSE,FALSE,FALSE,FALSE,FALSE,FALSE,FALSE,FALSE,FALSE,FALSE,FALSE,FALSE,96.00%,MEDIUM,2071X,-,30.10%,5x3,"Portrait, Landscape",Video Slots,,243 Win Ways,,✓,,✓,✓,✓,,,,✓,,,✓,,243 win ways,,,,,https://staging-gp-og-game.og1-net.com/gamelauncher/gamesapi/tgp/kingmidas/gameUrl/km-eighty-eight-treasures,,,,,,,PENDING,PENDING,PENDING,PENDING
OG,Pre-Production,,km-monkey-king-opera,Monkey King Opera,TRUE,FALSE,FALSE,FALSE,FALSE,FALSE,FALSE,FALSE,FALSE,FALSE,FALSE,FALSE,FALSE,96.00%,MEDIUM,1327X,-,30.70%,5x3,"Portrait, Landscape",Video Slots,,30 Paylines,,✓,,✓,,,,,,,,,✓,,30 paylines,,,,,https://staging-gp-og-game.og1-net.com/gamelauncher/gamesapi/tgp/kingmidas/gameUrl/km-monkey-king-opera,,,,,,,PENDING,PENDING,PENDING,PENDING
OG,Pre-Production,,km-kings-jackpots,King's Jackpots,TRUE,TRUE,FALSE,FALSE,FALSE,FALSE,FALSE,FALSE,FALSE,FALSE,FALSE,FALSE,FALSE,96.20%,HIGH,4651X,-,26.20%,5x3,"Portrait, Landscape",Video Slots,,25 Paylines,,✓,,✓,,,,,,✓,,✓,✓,,25 paylines,,,,,https://staging-gp-og-game.og1-net.com/gamelauncher/gamesapi/tgp/kingmidas/gameUrl/km-kings-jackpots,,,,,,,PENDING,PENDING,PENDING,PENDING
OG,Pre-Production,,km-jin-chan,Jin Chan,TRUE,FALSE,FALSE,FALSE,FALSE,FALSE,FALSE,FALSE,FALSE,FALSE,FALSE,FALSE,FALSE,96.30%,MEDIUM,9619X,-,35.10%,5x3,"Portrait, Landscape",Video Slots,,30 Paylines,,✓,,✓,,,,✓,,✓,,,✓,,30 paylines,,,,,https://staging-gp-og-game.og1-net.com/gamelauncher/gamesapi/tgp/kingmidas/gameUrl/km-jin-chan,,,,,,,PENDING,PENDING,PENDING,PENDING
OG,Pre-Production,,km-prosperity-rat,Prosperity Rat,TRUE,FALSE,FALSE,FALSE,FALSE,FALSE,FALSE,FALSE,FALSE,FALSE,FALSE,FALSE,FALSE,96.30%,MEDIUM - HIGH,1036X,-,9.40%,5x3,"Portrait, Landscape",Video Slots,,10 Paylines,,✓,,✓,,,,,,✓,,,✓,,10 paylines,,,,,https://staging-gp-og-game.og1-net.com/gamelauncher/gamesapi/tgp/kingmidas/gameUrl/km-prosperity-rat,,,,,,,PENDING,PENDING,PENDING,PENDING
OG,Pre-Production,,km-the-legend-of-the-banyan-tree,The Legend Of Banyan Tree,TRUE,FALSE,FALSE,FALSE,FALSE,FALSE,FALSE,FALSE,FALSE,FALSE,FALSE,FALSE,FALSE,97.10%,LOW,2595X,-,26.90%,5x4,"Portrait, Landscape",Video Slots,,50 Paylines,,✓,,✓,,,,,,,,,✓,,50 paylines,,,,,https://staging-gp-og-game.og1-net.com/gamelauncher/gamesapi/tgp/kingmidas/gameUrl/km-the-legend-of-the-banyan-tree,,,,,,,PENDING,PENDING,PENDING,PENDING
OG,Pre-Production,,km-songkran-lucky-splash,Songkran Lucky Splash,TRUE,FALSE,FALSE,FALSE,FALSE,FALSE,FALSE,FALSE,FALSE,FALSE,FALSE,FALSE,FALSE,96.10%,MEDIUM - HIGH,4053X,-,35.30%,5x3,"Portrait, Landscape",Video Slots,,20 Paylines,,✓,,,,,,,,✓,,,✓,,20 paylines,,,,,https://staging-gp-og-game.og1-net.com/gamelauncher/gamesapi/tgp/kingmidas/gameUrl/km-songkran-lucky-splash,,,,,,,PENDING,PENDING,PENDING,PENDING
OG,Pre-Production,,km-royal-treasures,Royal Treasures,TRUE,FALSE,FALSE,FALSE,FALSE,FALSE,FALSE,FALSE,FALSE,FALSE,FALSE,FALSE,FALSE,96.00%,MEDIUM,1726X,-,28%,5x3,"Portrait, Landscape",Video Slots,,25 Paylines,,✓,,✓,,,,,,✓,,,✓,,25 paylines,,,,,https://staging-gp-og-game.og1-net.com/gamelauncher/gamesapi/tgp/kingmidas/gameUrl/km-royal-treasures,,,,,,,PENDING,PENDING,PENDING,PENDING
OG,Pre-Production,,km-white-elephant,White Elephant,TRUE,TRUE,FALSE,FALSE,FALSE,FALSE,FALSE,FALSE,FALSE,FALSE,FALSE,FALSE,FALSE,96.30%,HIGH,4307X,-,24.20%,5x3,"Portrait, Landscape",Video Slots,,50 Paylines,✓,✓,,✓,,,✓,,,,,✓,✓,,50 paylines,,,,,https://staging-gp-og-game.og1-net.com/gamelauncher/gamesapi/tgp/kingmidas/gameUrl/km-white-elephant?test=1,,,,,,,PENDING,PENDING,PENDING,PENDING
OG,Pre-Production,,km-break-the-bank,Break The Bank,TRUE,TRUE,FALSE,FALSE,FALSE,FALSE,FALSE,FALSE,FALSE,FALSE,FALSE,FALSE,FALSE,95.90%,MEDIUM,1455X,-,29.00%,5x3,"Portrait, Landscape",Video Slots,,25 Paylines,✓,✓,,✓,,,✓,,,,,✓,✓,,25 paylines,,,,,https://staging-gp-og-game.og1-net.com/gamelauncher/gamesapi/tgp/kingmidas/gameUrl/km-break-the-bank?test=1,,,,,,,PENDING,PENDING,PENDING,PENDING
OG,Pre-Production,,km-diamond-king,Diamond King,TRUE,TRUE,FALSE,FALSE,FALSE,FALSE,FALSE,FALSE,FALSE,FALSE,FALSE,FALSE,FALSE,96.30%,HIGH,4526X,-,22.30%,5x3,"Portrait, Landscape",Video Slots,,50 Paylines,✓,✓,,✓,,,✓,,,,,✓,✓,,50 paylines,,,,,https://staging-gp-og-game.og1-net.com/gamelauncher/gamesapi/tgp/kingmidas/gameUrl/km-diamond-king?test=1,,,,,,,PENDING,PENDING,PENDING,PENDING
OG,Pre-Production,,km-wild-miner,Wild Miner,TRUE,FALSE,FALSE,FALSE,FALSE,FALSE,FALSE,FALSE,FALSE,FALSE,FALSE,FALSE,FALSE,96.10%,LOW,32440X,-,28.65%,5x4,"Portrait, Landscape",Video Slots,,30 Paylines,✓,✓,,✓,,,,,,✓,,,✓,,30 paylines,,,,,https://staging-gp-og-game.og1-net.com/gamelauncher/gamesapi/tgp/kingmidas/gameUrl/km-wild-miner?test=1,,,,,,,PENDING,PENDING,PENDING,PENDING
OG,Pre-Production,,km-the-big-the-fat-and-the-ugly,The Big The Fat And The Ugly,TRUE,FALSE,FALSE,FALSE,FALSE,FALSE,FALSE,FALSE,FALSE,FALSE,FALSE,FALSE,FALSE,96.20%,HIGH,4145X,-,23.70%,5x3,"Portrait, Landscape",Video Slots,,20 Paylines,✓,✓,,,,,,,,✓,,✓,✓,,20 paylines,,,,,https://staging-gp-og-game.og1-net.com/gamelauncher/gamesapi/tgp/kingmidas/gameUrl/km-the-big-the-fat-and-the-ugly?test=1,,,,,,,PENDING,PENDING,PENDING,PENDING
OG,Pre-Production,,km-eyes-of-ra,Eyes Of Ra,TRUE,TRUE,FALSE,FALSE,FALSE,FALSE,FALSE,FALSE,FALSE,FALSE,FALSE,FALSE,FALSE,96.00%,HIGH,3510X,-,25.60%,5x3,"Portrait, Landscape",Video Slots,,25 Paylines,✓,✓,,✓,,,,,,,,,✓,,25 paylines,,,,,https://staging-gp-og-game.og1-net.com/gamelauncher/gamesapi/tgp/kingmidas/gameUrl/km-eyes-of-ra?test=1,,,,,,,PENDING,PENDING,PENDING,PENDING
OG,Pre-Production,,km-lady-of-ra,Lady Of Ra,TRUE,FALSE,FALSE,FALSE,FALSE,FALSE,FALSE,FALSE,FALSE,FALSE,FALSE,FALSE,FALSE,96.11%,MEDIUM,17045X,-,29.70%,5x3,"Portrait, Landscape",Video Slots,,243 Win Ways,✓,✓,,✓,✓,,✓,,,✓,,✓,✓,,243 win ways,,,,,https://staging-gp-og-game.og1-net.com/gamelauncher/gamesapi/tgp/kingmidas/gameUrl/km-lady-of-ra?test=1,,,,,,,PENDING,PENDING,PENDING,PENDING
OG,Pre-Production,,km-redbeard-treasures,Redbeard Treasures,TRUE,FALSE,FALSE,FALSE,FALSE,FALSE,FALSE,FALSE,FALSE,FALSE,FALSE,FALSE,FALSE,96.10%,High,2231x,-,18.70%,5x3,"Portrait, Landscape",Video Slots,,25 Paylines,✓,✓,,✓,,,✓,,,,,✓,✓,,25 paylines,,,,,https://staging-gp-og-game.og1-net.com/gamelauncher/gamesapi/tgp/kingmidas/gameUrl/km-redbeard-treasures?test=1,,,,,,,PENDING,PENDING,PENDING,PENDING
OG,Pre-Production,,km-magic-pearls,Magic Pearls,TRUE,FALSE,FALSE,FALSE,FALSE,FALSE,FALSE,FALSE,FALSE,FALSE,FALSE,FALSE,FALSE,96.11%,LOW,455X,-,30.06%,5x4,"Portrait, Landscape",Video Slots,,50 Paylines,✓,✓,,✓,,,,,,✓,,,✓,,50 paylines,,,,,https://staging-gp-og-game.og1-net.com/gamelauncher/gamesapi/tgp/kingmidas/gameUrl/km-magic-pearls?test=1,,,,,,,PENDING,PENDING,PENDING,PENDING
WTF,Launched,"All, UFA",gold-mines,GOLD MINE,TRUE,TRUE,TRUE,TRUE,TRUE,TRUE,TRUE,TRUE,TRUE,TRUE,FALSE,FALSE,FALSE,96.00%,MEDIUM,10000X,-,18.96%,5x3,"Portrait, Landscape",Video Slots,,243 Win Ways,,✓,,,,,,,✓,,,,,,"Brown, gold, mine carts, coins, gems, chests, miners, pickaxes, treasure, mines, treasure hunt

",North America,Europe,"United States of America
United Kingdom","Gold Mine is a 5x3 slot game with 243 win-ways. Played with 9 standard symbols, complemented by 1 Scatter and 1 Wild symbol which substitutes for all others symbol. Every win, you can experience the exhilarating Cascade feature, offering multipliers of up to 1024x. Trigger up to 20 rounds of Free Spins by landing 3 or more Scatter symbols. Aim high as the maximum win reaches an impressive 10,000x of the total bet!",https://cdn.kingmidasdev.net/syn33/demo8/lobbys/kmgamelauncher/#/gamelauncher/8/gold-mines?currency=HKD&lang=en&test=1,https://publiccdn.kingdomhall729.com/Product+Sheet/gold-mine_product-brochure_en.pdf,https://publiccdn.kingdomhall729.com/Product+Sheet/gold-mine_product-brochure_cn.pdf,https://publiccdn.kingdomhall729.com/Zip_masterGames/KingMidas/gold-mine_assets.zip,https://publiccdn.kingdomhall729.com/MarketingAssetsPSD/KingMidas/gold-mine_psd.zip,,,PENDING,CERTIFIED,CERTIFIED,IN PROGRESS
WTF,Launched,,almighty-greek,ALMIGHTY GREEK,TRUE,TRUE,TRUE,TRUE,TRUE,TRUE,TRUE,TRUE,TRUE,TRUE,FALSE,FALSE,FALSE,96.07%,HIGH,433.5X,-,23.49%,5x3,"Portrait, Landscape",Video Slots,,10 Paylines,,,✓,,,,,,,,,,,,"Alchemy, Ancient civilizations, Black, Blue, Brown, Gods, Greece, Mythical, legend, Sky blue, Weapons",North America,Europe,"United States of America
United Kingdom","Almighty Greek is a 5x3 slot game with 10 paylines. The game showcases a base game with 7 regular symbols, alongside a Wild symbol for engaging Wild re-spin mechanics. During the wild re-spin feature, the Wild symbol appears exclusively on reels 2, 3, and 4, expanding across the reel to initiate subsequent re-spins.",https://cdn.kingmidasdev.net/syn33/demo8/lobbys/kmgamelauncher/#/gamelauncher/8/almighty-greek?currency=HKD&lang=en&test=1,https://publiccdn.kingdomhall729.com/Product+Sheet/almighty-greek_product-brochure_en.pdf,https://publiccdn.kingdomhall729.com/Product+Sheet/almighty-greek_product-brochure_cn.pdf,https://publiccdn.kingdomhall729.com/Zip_masterGames/KingMidas/almighty-greek_assets.zip,https://publiccdn.kingdomhall729.com/MarketingAssetsPSD/KingMidas/almighty-greek_psd.zip,,,PENDING,CERTIFIED,PENDING,IN PROGRESS
WTF,Launched,"All, UFA",warriors-temple,WARRIORS TEMPLE,TRUE,TRUE,TRUE,TRUE,TRUE,TRUE,TRUE,TRUE,TRUE,TRUE,FALSE,FALSE,FALSE,96.18%,HIGH,5000X,-,38.60%,6x5,"Portrait, Landscape",Video Slots,,Sum Game,✓,✓,,✓,,,,,,,,,✓,,"Blue, gold, gems, masks, totems, warrior, temple, ancient symbols, jungle, treasure hunt, Aztec mythology.
",North America,,United States of America,"Warriors Temple is a thrilling 6x5 reel slot game featuring the Cascade Feature to amplify your wins! Trigger Scatter payouts and unlock 10 Free Games by matching 4 or more Scatter symbols. With 9 regular symbols and 1 Scatter symbol, the game offers a variety of winning combinations. Explore the Buy Free Game Feature, and Double Chance Feature for even more excitement. During Free Games, watch out for the Special Multiplier symbol, which can land anywhere on the screen to multiply your winnings!",https://cdn.kingmidasdev.net/syn33/demo8/lobbys/kmgamelauncher/#/gamelauncher/8/warriors-temple?currency=HKD&lang=en&test=1,https://publiccdn.kingdomhall729.com/Product+Sheet/warriors-temple_product-brochure_en.pdf,https://publiccdn.kingdomhall729.com/Product+Sheet/warriors-temple_product-brochure_cn.pdf,https://publiccdn.kingdomhall729.com/Zip_masterGames/KingMidas/warriors-temple_assets.zip,https://publiccdn.kingdomhall729.com/MarketingAssetsPSD/KingMidas/warriors-temple_psd.zip,,,PENDING,CERTIFIED,CERTIFIED,IN PROGRESS
WTF,Launched,,leppys-loot,LEPPY LOOT,TRUE,TRUE,TRUE,TRUE,TRUE,TRUE,TRUE,TRUE,TRUE,TRUE,FALSE,FALSE,FALSE,96.00%,HIGH,1000X,-,33.31%,5x3,"Portrait, Landscape",Video Slots,,20 Paylines,,✓,,,,,,,,✓,,,,,"Green, gold, brown, beer mugs, coins, pipes, hats, harps, mushrooms, clovers, horseshoes, boots, leprechauns, forest, stone ring, Irish folklore, treasure hunt
",North America,Latin America,"United States of America
Brazil
Vietnam","Leppy Loots is a 5x3 slot game featuring 20 paylines. Packed with whimsical symbols, the game includes 8 regular icons, a Scatter symbol, and an Expanding Wild that triggers one of three special features: X2 Wild, Sticky Wild, or Random Wild. Collect 3 or more Scatter symbols to unlock 10 Free Spins and enjoy multiplier payouts of up to 100x your bet. The Expanding Wild can appear on reels 2, 3, and 4, transforming your gameplay with big win potential. Join the mischievous leprechaun and discover hidden treasures on every spin!",https://cdn.kingmidasdev.net/syn33/demo8/lobbys/kmgamelauncher/#/gamelauncher/8/leppys-loot?currency=HKD&lang=en&test=1,https://publiccdn.kingdomhall729.com/Product+Sheet/leppy-loot_product-brochure_en.pdf,https://publiccdn.kingdomhall729.com/Product+Sheet/leppy-loot_product-brochure_cn.pdf,https://publiccdn.kingdomhall729.com/Zip_masterGames/KingMidas/leppy-loot_assets.zip,https://publiccdn.kingdomhall729.com/MarketingAssetsPSD/KingMidas/leppy-loot_psd.zip,,,PENDING,PENDING,PENDING,PENDING
WTF,Launched,,piggy-heist,PIGGY HEIST,TRUE,TRUE,TRUE,TRUE,TRUE,TRUE,TRUE,TRUE,TRUE,TRUE,FALSE,FALSE,FALSE,96.02%,HIGH,5000X,-,19.60%,5x3,"Portrait, Landscape",Video Slots,,20 Paylines,,,,,,,✓,,,,,✓,,,"Gold, green, brown, safes, diamonds, coins, cash, piggy bank, thief, heist, vault",North America,Latin America,"United States of America
Brazil
Vietnam","Piggy Heist is a 5x3 reel slot game with 20 paylines, featuring 7 regular symbols, a Cash symbol, and a Scatter symbol. Land 3 or more Scatters to unlock multipliers up to 50x your bet! Trigger the HOLD & SPIN feature by landing 5+ Cash symbols for 3 respins; each new Cash symbol sticks and refreshes the respins to 3, giving you even more chances to win. Fill the entire grid to activate a 2x multiplier on all winnings! Plus, take your shot at Jackpot Awards, where you can win: Mini (10x), Minor (20x), Major (100x), or the grand Mega Jackpot (500x) of your bet. Piggy Heist promises high-energy spins and thrilling rewards!",https://cdn.kingmidasdev.net/syn33/demo8/lobbys/kmgamelauncher/#/gamelauncher/8/piggy-heist?currency=HKD&lang=en&test=1,https://publiccdn.kingdomhall729.com/Product+Sheet/piggy-heist_product-brochure_en.pdf,https://publiccdn.kingdomhall729.com/Product+Sheet/piggy-heist_product-brochure_cn.pdf,https://publiccdn.kingdomhall729.com/Zip_masterGames/KingMidas/piggy-heist_assets.zip,https://publiccdn.kingdomhall729.com/MarketingAssetsPSD/KingMidas/piggy-heist_psd.zip,,,PENDING,PENDING,PENDING,PENDING
WTF,Launched,,merlins-saga,MERLIN'S SAGA,TRUE,TRUE,TRUE,TRUE,TRUE,TRUE,TRUE,TRUE,TRUE,TRUE,FALSE,FALSE,FALSE,96.42%,MEDIUM,800x,-,25.28%,5x3,"Portrait, Landscape",Video Slots,,20 Paylines,,✓,,,,,,,,,,,,,"Blue, purple, gold, spellbooks, magical orbs, wizard, dragon, shields, enchanted letters, stone pillars, starry sky, fire, magic effects, fantasy realm, magic adventure.
",North America,Latin America,"United States of America
Brazil
Vietnam","Explore the magic of Merlin's Saga, a 5x3 slot game featuring 20 paylines. This enchanting game includes 9 regular symbols, a Scatter symbol, and a Wild symbol that substitutes for all others except Scatter. Activate the Mystery Symbol Expand Feature to transform reels into matching symbols for bigger wins. Land 3 or more Scatters to unlock 8 Free Spins, where the Mystery Symbol expands exclusively into high-paying symbols, including Wilds. Spin the reels and uncover mesmerizing rewards!",https://cdn.kingmidasdev.net/syn33/demo8/lobbys/kmgamelauncher/#/gamelauncher/8/merlins-saga?currency=HKD&lang=en&test=1,https://publiccdn.kingdomhall729.com/Product+Sheet/merlins-saga_product-brochure_en.pdf,https://publiccdn.kingdomhall729.com/Product+Sheet/merlins-saga_product-brochure_cn.pdf,https://publiccdn.kingdomhall729.com/Zip_masterGames/KingMidas/merlins-saga_assets.zip,https://publiccdn.kingdomhall729.com/MarketingAssetsPSD/KingMidas/merlins-saga_psd.zip,,,PENDING,PENDING,PENDING,PENDING
WTF,Launched,,london-mystery,LONDON MYSTERY,TRUE,TRUE,TRUE,TRUE,TRUE,TRUE,TRUE,TRUE,TRUE,TRUE,FALSE,FALSE,FALSE,95.13%,LOW,200X,-,41.08%,5x3,"Portrait, Landscape",Video Slots,,25 Paylines,,✓,,✓,,,,,,,,,,,"Blue, brown, gold, newspaper, pocket watch, magnifying glass, pipe, notebook, detective, street lamps, Victorian buildings, fog, cobblestone street, mystery, investigation, London",Europe,,"Malaysia
United Kingdom
Brazil","Dive into the intrigue of London Mystery, a 5x3 slot game with 25 paylines. Featuring 10 regular symbols, a Scatter symbol, and a Wild symbol, this game promises endless excitement. The Wild appears on the 3rd reel and substitutes for all symbols except Scatter. Land special High Pay symbols in their designated positions to trigger unique payouts. Collect Scatter symbols to unlock Free Spins, where additional spins can be retriggered for even greater rewards. Uncover hidden treasures and solve the mystery with every spin!",https://cdn.kingmidasdev.net/syn33/demo8/lobbys/kmgamelauncher/#/gamelauncher/8/london-mystery?currency=HKD&lang=en&test=1,https://publiccdn.kingdomhall729.com/Product+Sheet/london-mystery_product-brochure_en.pdf,https://publiccdn.kingdomhall729.com/Product+Sheet/london-mystery_product-brochure_cn.pdf,https://publiccdn.kingdomhall729.com/Zip_masterGames/KingMidas/london-mystery_assets.zip,https://publiccdn.kingdomhall729.com/MarketingAssetsPSD/KingMidas/london-mystery_psd.zip,,,PENDING,PENDING,PENDING,PENDING
WTF,Launched,,cupid-archery,CUPID ARCHERY,TRUE,TRUE,TRUE,TRUE,TRUE,TRUE,TRUE,TRUE,TRUE,TRUE,FALSE,FALSE,FALSE,96.07%,LOW,200X,-,43.16%,5x3,"Portrait, Landscape",Video Slots,,25 Paylines,✓,✓,,,,✓,,,,,,,,,"Pink, gold, hearts, chocolates, love letters, potions, teddy bears, bunnies, cupid, romantic, Valentine’s theme, love and luck.
",Europe,,"Malaysia
United Kingdom
Brazil","Cupid Archery is a 5x3 slot game with 25 paylines, where Cupid’s magical arrows lead to exciting wins! The game features a Base Game, Free Spins, and a Wild Respin Feature. During the Base Game, every 10 spins under the same bet option guarantee a Wild Respin, with locked Wild symbols boosting your chances of big payouts. Take aim and let love bring you rewards!",https://cdn.kingmidasdev.net/syn33/demo8/lobbys/kmgamelauncher/#/gamelauncher/8/cupid-archery?currency=HKD&lang=en&test=1,https://publiccdn.kingdomhall729.com/Product+Sheet/cupid-archery_product-brochure_en.pdf,https://publiccdn.kingdomhall729.com/Product+Sheet/cupid-archery_product-brochure_cn.pdf,https://publiccdn.kingdomhall729.com/Zip_masterGames/KingMidas/cupid-archery_assets.zip,https://publiccdn.kingdomhall729.com/MarketingAssetsPSD/KingMidas/cupid-archery_psd.zip,,,PENDING,PENDING,PENDING,PENDING
WTF,Launched,,horus-glory,HORUS GLORY,TRUE,TRUE,TRUE,TRUE,TRUE,TRUE,TRUE,TRUE,TRUE,TRUE,FALSE,FALSE,FALSE,96.02%,MEDIUM,500X,-,24.81%,5x3,"Portrait, Landscape",Video Slots,,20 Paylines,,,,,,,,,✓,,,,,,"Gold, purple, pyramids, scarabs, ankhs, jars, Egyptian gods, pharaohs, cats, wings, Eye of Horus, hieroglyphs, columns, temple, desert, ancient Egypt, treasure hunt
",MENA,,"United States of America
United Kingdom
Egypt","Unveil the treasures of ancient Egypt with Horus Glory, a 5x3 slot game featuring 20 paylines. This captivating game includes 9 regular symbols, a Scatter symbol, and a Mystery symbol that transforms into any symbol from the 1st reel, including Scatter. Land 6 or more Scatters anywhere on the reels to unlock Scatter Wins of up to 1500x your bet! Trigger the Giant Symbol Feature when reels 2, 3, and 4 spin together, filling the reels with massive symbols for incredible payouts. Experience the power of Horus with every spin!",https://cdn.kingmidasdev.net/syn33/demo8/lobbys/kmgamelauncher/#/gamelauncher/8/horus-glory?currency=HKD&lang=en&test=1,https://publiccdn.kingdomhall729.com/Product+Sheet/horus-glory_product-brochure_en.pdf,https://publiccdn.kingdomhall729.com/Product+Sheet/horus-glory_product-brochure_cn.pdf,https://publiccdn.kingdomhall729.com/Zip_masterGames/KingMidas/horus-glory_assets.zip,https://publiccdn.kingdomhall729.com/MarketingAssetsPSD/KingMidas/horus-glory_psd.zip,,,PENDING,PENDING,PENDING,PENDING
WTF,Launched,,rome-gladiator,ROME GLADIATOR,TRUE,TRUE,TRUE,TRUE,TRUE,TRUE,TRUE,TRUE,TRUE,TRUE,FALSE,FALSE,FALSE,96.18%,MEDIUM,500X,-,30.41%,5x3,"Portrait, Landscape",Video Slots,,20 Paylines,✓,✓,✓,,,,,,,,,✓,,,"Brown, gold, helmets, swords, shields, gladiators, bull, wolf, armor, Colosseum, ancient Rome, battle
",Europe,,"Malaysia
United Kingdom
Brazil","Step into the Colosseum and battle for glory in Rome Gladiator! This 5x3 slot with 20 paylines brings the thrill of ancient Rome to life. Land Gladiator symbols to trigger the Super Respin Feature for bigger wins, or hit three Scatters to unleash Free Spins. Conquer the reels with stacked Wilds and seize Jackpot rewards of up to 500x your bet!",https://cdn.kingmidasdev.net/syn33/demo8/lobbys/kmgamelauncher/#/gamelauncher/8/rome-gladiator?currency=HKD&lang=en&test=1,https://publiccdn.kingdomhall729.com/Product+Sheet/rome-gladiator_product-brochure_en.pdf,https://publiccdn.kingdomhall729.com/Product+Sheet/rome-gladiator_product-brochure_cn.pdf,https://publiccdn.kingdomhall729.com/Zip_masterGames/KingMidas/rome-gladiator_assets.zip,https://publiccdn.kingdomhall729.com/MarketingAssetsPSD/KingMidas/rome-gladiator_psd.zip,,,PENDING,PENDING,PENDING,PENDING
WTF,Launched,"All, UFA",salsa-fury,Salsa Fury,TRUE,TRUE,TRUE,TRUE,TRUE,TRUE,TRUE,TRUE,TRUE,TRUE,FALSE,FALSE,FALSE,96.30%,HIGH,1500X,-,27.52%,7x7,"Portrait, Landscape",Video Slots,,Megaways,,✓,,✓,,,,,,,,,,,Brown/Green/Red/Sombrero/Piñata/Carnival/Taco/Cactus,Latin America,Europe,"Mexico
United States of America
Brazil","Salsa Fury turns up the heat in a 7x7 reel slot fiesta where every spin brings spicy wins! Match 3 or more symbols in combination from left to win. Each win triggers the cascading, letting new symbols drop in for nonstop wins. Land 4 or more Scatters to trigger up to 12 Free Spins and each cascade will doubles your multiplier! Spin the reels, feel the heat, Salsa Fury is your ticket to a spicy 1500x jackpot!
在7x7轴老虎机的热情滚动中，从左匹配3个或更多符号完成连线即可获胜，每次胜利都会触发连锁消除，新符号如皮纳塔糖果般纷飞落下，带来更多胜利机会！收集4个或更多Scatter符号，就能解锁最多12次免费旋转，每次消除都让倍率翻倍！伴随着欢快的节日鼓点，让你的奖励与狂欢气氛一同升温，冲击1500倍的终极大奖！",https://cdn.kingmidasdev.net/syn33/demo8/lobbys/kmgamelauncher/#/gamelauncher/8/salsa-fury?currency=HKD&lang=en&test=1,https://publiccdn.kingdomhall729.com/Product+Sheet/salsa-fury_product-brochure_en.pdf,https://publiccdn.kingdomhall729.com/Product+Sheet/salsa-fury_product-brochure_cn.pdf,https://publiccdn.kingdomhall729.com/Zip_masterGames/KingMidas/salsa-fury_assets.zip,https://publiccdn.kingdomhall729.com/MarketingAssetsPSD/KingMidas/salsa-fury_psd.zip,,,PENDING,PENDING,PENDING,PENDING
WTF,Launched,,samba-rhapsody,Samba Rhapsody,TRUE,TRUE,TRUE,TRUE,TRUE,TRUE,TRUE,TRUE,TRUE,TRUE,TRUE,FALSE,FALSE,96.33%,HIGH,2500x,-,47.01%,5x3,Portrait,Video Slots,,20 Paylines,,✓,,✓,,,,,,,,,,,,,,,,https://cdn.kingmidasdev.net/syn33/demo8/lobbys/kmgamelauncher/#/gamelauncher/8/samba-rhapsody?currency=HKD&lang=en&test=1,https://publiccdn.kingdomhall729.com/Product+Sheet/samba-rhapsody_product-brochure_en.pdf,https://publiccdn.kingdomhall729.com/Product+Sheet/samba-rhapsody_product-brochure_cn.pdf,https://publiccdn.kingdomhall729.com/Zip_masterGames/KingMidas/samba-rhapsody_assets.zip,https://publiccdn.kingdomhall729.com/MarketingAssetsPSD/KingMidas/samba-rhapsody_psd.zip,,,PENDING,PENDING,PENDING,PENDING
WTF,Post-Production,,lucky-cat-gala,Lucky Cat Gala,TRUE,TRUE,TRUE,TRUE,TRUE,TRUE,TRUE,TRUE,TRUE,TRUE,TRUE,FALSE,FALSE,96.46%,HIGH,9000x,-,21.71%,3x3,Portrait,Video Slots,,Count on Reels Pay,,,,,,,,✓,,,,,,,,,,,,https://cdn.kingmidasdev.net/syn33/m13/lobbys/kmgamelauncher/#/gamelauncher/8/lucky-cat-gala?test=1&lang=en&currency=USD,,,,,,,PENDING,PENDING,PENDING,PENDING
WTF,QA + Post Production,,aces-of-noble,Aces of Noble,TRUE,TRUE,TRUE,TRUE,TRUE,TRUE,TRUE,TRUE,TRUE,TRUE,TRUE,FALSE,FALSE,96.68%,HIGH,2500X,-,,4x5,Portrait,Video Slots,,Tumble,,✓,,✓,,,,,✓,,,,,,,,,,,,,,,,,,,,,
WTF,Pre-Production,,,Mammoth Gold,TRUE,TRUE,TRUE,TRUE,TRUE,TRUE,TRUE,TRUE,TRUE,TRUE,TRUE,FALSE,FALSE,,,,,,,,,,,,,,,,,,,,,,,,,,,,,,,,,,,,,,,,
WTF,Pre-Production,,,Fossil Frenzy,TRUE,TRUE,TRUE,TRUE,TRUE,TRUE,TRUE,TRUE,TRUE,TRUE,TRUE,FALSE,FALSE,,,,,,,,,,,,,,,,,,,,,,,,,,,,,,,,,,,,,,,,
WTF,Pre-Production,,,Circus ,TRUE,TRUE,TRUE,TRUE,TRUE,TRUE,TRUE,TRUE,TRUE,TRUE,TRUE,FALSE,FALSE,,,,,,,,,,,,,,,,,,,,,,,,,,,,,,,,,,,,,,,,
WTF,Pre-Production,,,Calavera Clash,TRUE,TRUE,TRUE,TRUE,TRUE,TRUE,TRUE,TRUE,TRUE,TRUE,TRUE,FALSE,FALSE,,,,,,,,,,,,,,,,,,,,,,,,,,,,,,,,,,,,,,,,